INSERT INTO Products (id, product_Name, price, category) VALUES (1, 'Nokia 1100', 2000, 'Mobile');
INSERT INTO Products (id, product_Name, price, category) VALUES (2, 'Apple 11', 20000, 'Mobile');
INSERT INTO Products (id, product_Name, price, category) VALUES (3, 'Motorola 10s', 12000, 'Mobile');
INSERT INTO Products (id, product_Name, price, category) VALUES (4, 'Asus MQ', 21000, 'Mobile');
INSERT INTO Products (id, product_Name, price, category) VALUES (5, 'Samsung', 22000, 'Mobile');
INSERT INTO Products (id, product_Name, price, category) VALUES (6, 'Coffee Mug', 200, 'Kitchen Accessories');
INSERT INTO Products (id, product_Name, price, category) VALUES (7, 'Vegetable Knife', 350, 'Kitchen Accessories');
INSERT INTO Products (id, product_Name, price, category) VALUES (8, 'Dining Table', 12000, 'Furniture');
INSERT INTO Products (id, product_Name, price, category) VALUES (9, 'Wooden Chairs', 21000, 'Furniture');
INSERT INTO Products (id, product_Name, price, category) VALUES (10,'Double Bed', 22000, 'Furniture');
INSERT INTO Retailers (retailer_Id, retailer_Name, location, products_id) VALUES (1, 'Saravana Stores', 'Chennai', 1);
INSERT INTO Retailers (retailer_Id, retailer_Name, location, products_id) VALUES (2, 'Subiksha Stores', 'Tambaram', 1);
INSERT INTO Retailers (retailer_Id, retailer_Name, location, products_id) VALUES (3, 'Poorvika Stores', 'Trichy', 1);
INSERT INTO Retailers (retailer_Id, retailer_Name, location, products_id) VALUES (4, 'Saravana Stores', 'Chennai', 2);
INSERT INTO Retailers (retailer_Id, retailer_Name, location, products_id) VALUES (5, 'Subiksha Stores', 'Tambaram', 2);
INSERT INTO Retailers (retailer_Id, retailer_Name, location, products_id) VALUES (6, 'Poorvika Stores', 'Trichy', 2);
INSERT INTO Retailers (retailer_Id, retailer_Name, location, products_id) VALUES (7, 'Poorvika Stores', 'Chennai', 2);
INSERT INTO Retailers (retailer_Id, retailer_Name, location, products_id) VALUES (8, 'Saravana Stores', 'Madurai', 3);
INSERT INTO Retailers (retailer_Id, retailer_Name, location, products_id) VALUES (9, 'Subiksha Stores', 'Madurai', 3);
INSERT INTO Retailers (retailer_Id, retailer_Name, location, products_id) VALUES (10, 'Poorvika Stores', 'Madurai', 3);
INSERT INTO Retailers (retailer_Id, retailer_Name, location, products_id) VALUES (11, 'Poorvika Stores', 'Madurai', 3);
INSERT INTO Retailers (retailer_Id, retailer_Name, location, products_id) VALUES (12, 'Saravana Stores', 'Madurai', 4);
INSERT INTO Retailers (retailer_Id, retailer_Name, location, products_id) VALUES (13, 'Subiksha Stores', 'Madurai', 4);
INSERT INTO Retailers (retailer_Id, retailer_Name, location, products_id) VALUES (14, 'Poorvika Stores', 'Madurai', 4);
INSERT INTO Retailers (retailer_Id, retailer_Name, location, products_id) VALUES (15, 'Poorvika Stores', 'Madurai', 4);
INSERT INTO Retailers (retailer_Id, retailer_Name, location, products_id) VALUES (16, 'Saravana Stores', 'Tambaram', 4);
INSERT INTO Retailers (retailer_Id, retailer_Name, location, products_id) VALUES (17, 'Subiksha Stores', 'Tambaram', 4);
INSERT INTO Retailers (retailer_Id, retailer_Name, location, products_id) VALUES (18, 'Poorvika Stores', 'Tambaram', 4);
INSERT INTO Retailers (retailer_Id, retailer_Name, location, products_id) VALUES (19, 'Poorvika Stores', 'Tambaram', 4);
INSERT INTO Retailers (retailer_Id, retailer_Name, location, products_id) VALUES (20, 'Saravana Stores', 'Madurai', 5);
INSERT INTO Retailers (retailer_Id, retailer_Name, location, products_id) VALUES (21, 'Subiksha Stores', 'Madurai', 5);
INSERT INTO Retailers (retailer_Id, retailer_Name, location, products_id) VALUES (22, 'Poorvika Stores', 'Madurai', 5);
INSERT INTO Retailers (retailer_Id, retailer_Name, location, products_id) VALUES (23, 'Poorvika Stores', 'Madurai', 5);
INSERT INTO Retailers (retailer_Id, retailer_Name, location, products_id) VALUES (24, 'Saravana Stores', 'Chennai', 6);
INSERT INTO Retailers (retailer_Id, retailer_Name, location, products_id) VALUES (25, 'Subiksha Stores', 'Tambaram', 6);
INSERT INTO Retailers (retailer_Id, retailer_Name, location, products_id) VALUES (26, 'Poorvika Stores', 'Trichy', 6);
INSERT INTO Retailers (retailer_Id, retailer_Name, location, products_id) VALUES (27, 'Saravana Stores', 'Madurai', 7);
INSERT INTO Retailers (retailer_Id, retailer_Name, location, products_id) VALUES (28, 'Subiksha Stores', 'Madurai', 7);
INSERT INTO Retailers (retailer_Id, retailer_Name, location, products_id) VALUES (29, 'Poorvika Stores', 'Madurai', 7);
INSERT INTO Retailers (retailer_Id, retailer_Name, location, products_id) VALUES (30, 'Poorvika Stores', 'Madurai', 7);
INSERT INTO Retailers (retailer_Id, retailer_Name, location, products_id) VALUES (31, 'Saravana Stores', 'Chennai', 8);
INSERT INTO Retailers (retailer_Id, retailer_Name, location, products_id) VALUES (32, 'Subiksha Stores', 'Tambaram', 8);
INSERT INTO Retailers (retailer_Id, retailer_Name, location, products_id) VALUES (33, 'Poorvika Stores', 'Trichy', 8);
INSERT INTO Retailers (retailer_Id, retailer_Name, location, products_id) VALUES (34, 'Saravana Stores', 'Chennai', 9);
INSERT INTO Retailers (retailer_Id, retailer_Name, location, products_id) VALUES (35, 'Subiksha Stores', 'Tambaram', 9);
INSERT INTO Retailers (retailer_Id, retailer_Name, location, products_id) VALUES (36, 'Poorvika Stores', 'Trichy', 9);
INSERT INTO Retailers (retailer_Id, retailer_Name, location, products_id) VALUES (37, 'Saravana Stores', 'Chennai', 10);
INSERT INTO Retailers (retailer_Id, retailer_Name, location, products_id) VALUES (38, 'Subiksha Stores', 'Tambaram', 10);
INSERT INTO Retailers (retailer_Id, retailer_Name, location, products_id) VALUES (39, 'Poorvika Stores', 'Trichy', 10);
INSERT INTO USER (USER_ID, NAME, EMAIL, PASSWORD) VALUES (1, 'user', 'user@gmail.com', '$2a$12$OYDw9lYk8tvF2Epad2T0L.IORudLL7FPc3b7oMfVkGktLFzg.5XoW');
INSERT INTO USER (USER_ID, NAME, EMAIL, PASSWORD) VALUES (2, 'superuser', 'superuser@gmail.com', '$2a$12$OYDw9lYk8tvF2Epad2T0L.IORudLL7FPc3b7oMfVkGktLFzg.5XoW');
INSERT INTO USER (USER_ID, NAME, EMAIL, PASSWORD) VALUES (3, 'admin', 'admin@gmail.com', '$2a$12$OYDw9lYk8tvF2Epad2T0L.IORudLL7FPc3b7oMfVkGktLFzg.5XoW');
INSERT INTO ROLES (ROLE_ID, ROLE_NAME) VALUES (1, 'USER');
INSERT INTO ROLES (ROLE_ID, ROLE_NAME) VALUES (2, 'SUPERUSER');
INSERT INTO ROLES (ROLE_ID, ROLE_NAME) VALUES (3, 'ADMIN');
INSERT INTO USER_ROLES (USERS_ROLE_ID, ROLES_USER_ID) VALUES (1, 1);
INSERT INTO USER_ROLES (USERS_ROLE_ID, ROLES_USER_ID) VALUES (2, 2);
INSERT INTO USER_ROLES (USERS_ROLE_ID, ROLES_USER_ID) VALUES (3, 3);